{"type": "metrics", "dataset": "train", "precision": 0.987591043970866, "balanced_accuracy": 0.8859901039812305, "recall": 0.7748148148148148, "f1_score": 0.8683586337760911}
{"type": "metrics", "dataset": "test", "precision": 0.6632390745501285, "balanced_accuracy": 0.675261316960037, "recall": 0.4060860440713536, "f1_score": 0.5037422713960299}
{"type": "cm_matrix", "dataset": "train", "true_0": {"predicted_0": 16182, "predicted_1": 46}, "true_1": {"predicted_0": 1064, "predicted_1": 3661}}
{"type": "cm_matrix", "dataset": "test", "true_0": {"predicted_0": 6680, "predicted_1": 393}, "true_1": {"predicted_0": 1132, "predicted_1": 774}}
